               epoch,      train/box_loss,      train/obj_loss,      train/cls_loss,   metrics/precision,      metrics/recall,     metrics/mAP_0.5,metrics/mAP_0.5:0.95,        val/box_loss,        val/obj_loss,        val/cls_loss,               x/lr0,               x/lr1,               x/lr2
                   0,             0.10262,            0.032238,            0.037584,           0.0026975,             0.66667,              0.0038,           0.0007198,            0.068112,             0.02581,            0.027237,              0.0973,              0.0003,              0.0003
                   1,             0.10095,            0.032258,             0.03767,           0.0027938,                0.75,           0.0034022,          0.00072385,             0.06057,            0.024944,            0.026752,            0.093699,          0.00069861,          0.00069861
                   2,            0.095165,            0.031256,            0.038929,           0.0032804,             0.91667,           0.0057264,           0.0014238,            0.055058,            0.024517,            0.026953,            0.090096,           0.0010956,           0.0010956
                   3,            0.081788,            0.035195,            0.036016,           0.0034534,             0.95833,            0.015063,           0.0035026,            0.045492,            0.022337,            0.027878,            0.086491,           0.0014911,           0.0014911
                   4,            0.083601,            0.034573,            0.039865,           0.0029813,             0.83333,            0.017508,            0.005129,            0.046338,             0.02108,            0.027383,            0.082885,            0.001885,            0.001885
                   5,            0.074242,            0.031116,            0.035654,           0.0032551,             0.91667,           0.0086173,           0.0019958,             0.04644,            0.018678,            0.027054,            0.079277,           0.0022772,           0.0022772
                   6,            0.083766,            0.032861,            0.040352,           0.0033723,             0.95833,            0.022008,           0.0069703,            0.042191,            0.018052,            0.026422,            0.075668,           0.0026679,           0.0026679
                   7,            0.052845,            0.030745,            0.029502,           0.0033971,                   1,             0.13375,            0.050236,            0.034553,            0.018348,            0.025946,            0.072057,            0.003057,            0.003057
                   8,            0.046266,            0.035157,            0.028416,           0.0034214,                   1,             0.20575,            0.094806,            0.033508,             0.01646,            0.025461,            0.068445,           0.0034446,           0.0034446
                   9,            0.053594,            0.031041,            0.030533,           0.0033596,                   1,             0.36348,             0.14206,            0.029273,            0.015837,             0.02417,            0.064831,           0.0038305,           0.0038305
                  10,            0.061792,            0.027424,            0.034178,             0.18579,             0.91667,             0.45586,            0.097452,            0.038992,            0.013667,            0.024673,            0.061215,           0.0042149,           0.0042149
                  11,            0.057379,            0.024763,            0.031761,            0.032454,                   1,            0.073319,            0.040121,            0.035167,            0.012691,            0.024225,            0.057598,           0.0045976,           0.0045976
                  12,            0.054416,            0.023747,            0.034797,             0.19885,             0.66667,             0.41279,             0.24363,             0.03088,            0.013152,            0.024252,            0.053979,           0.0049788,           0.0049788
                  13,            0.044684,            0.024943,            0.037496,             0.52763,             0.66667,              0.4123,             0.16966,            0.023635,            0.012781,            0.024207,            0.050358,           0.0053584,           0.0053584
                  14,            0.050317,            0.025646,            0.032225,             0.05903,             0.79167,            0.083861,            0.029558,             0.04101,            0.013027,            0.024115,            0.046736,           0.0057365,           0.0057365
                  15,            0.056731,            0.023694,            0.033944,             0.17895,             0.66667,             0.38142,             0.16088,            0.041407,            0.013039,             0.02374,            0.043113,           0.0061129,           0.0061129
                  16,              0.0557,            0.023163,            0.037489,             0.39509,             0.70833,             0.45156,             0.22151,            0.029112,            0.013921,            0.023383,            0.039488,           0.0064877,           0.0064877
                  17,            0.049965,            0.024075,            0.034552,             0.21049,             0.66667,             0.33459,             0.12901,            0.031721,             0.01161,            0.023181,            0.035861,            0.006861,            0.006861
                  18,            0.057239,            0.020163,            0.035135,             0.14545,                   1,             0.37123,            0.076169,            0.045025,            0.010327,            0.023346,            0.032233,           0.0072327,           0.0072327
                  19,            0.077942,            0.019193,            0.033107,             0.13537,                   1,             0.31792,            0.067844,             0.04533,           0.0099359,            0.023364,            0.028603,           0.0076028,           0.0076028
                  20,            0.053801,            0.017787,            0.030967,             0.25443,               0.625,             0.33118,            0.090181,            0.052703,           0.0082383,            0.023895,            0.024971,           0.0079713,           0.0079713
                  21,            0.072394,            0.015241,            0.037331,             0.18981,             0.78958,             0.30014,            0.088591,            0.047706,            0.007628,             0.02341,            0.021338,           0.0083383,           0.0083383
                  22,            0.067892,            0.017758,            0.033613,             0.22756,               0.875,             0.44375,              0.1973,            0.032743,           0.0088768,            0.023676,            0.017704,           0.0087036,           0.0087036
                  23,            0.063786,             0.01862,             0.03195,             0.22748,             0.83333,             0.42466,             0.14198,            0.037924,           0.0077953,            0.023483,            0.014067,           0.0090674,           0.0090674
                  24,            0.057554,            0.018958,            0.033054,             0.27151,             0.91667,             0.45726,             0.25764,            0.055159,           0.0073004,            0.023465,             0.01043,           0.0094296,           0.0094296
                  25,            0.067797,            0.017299,            0.033513,             0.25805,             0.91667,             0.48855,             0.19775,            0.040862,           0.0075397,            0.023236,            0.009505,            0.009505,            0.009505
                  26,            0.057443,            0.016961,             0.03476,             0.24846,             0.88571,             0.41929,             0.10242,            0.038018,           0.0068684,            0.023309,            0.009505,            0.009505,            0.009505
                  27,            0.068738,            0.017117,            0.035231,             0.31076,             0.89587,             0.48522,             0.31161,            0.032636,            0.007637,             0.02363,           0.0094852,           0.0094852,           0.0094852
                  28,            0.053365,            0.019566,            0.034774,             0.32182,                   1,             0.43553,             0.20739,            0.025064,           0.0082684,            0.023904,           0.0094654,           0.0094654,           0.0094654
                  29,            0.039582,            0.018132,            0.029304,             0.29989,                   1,             0.47263,              0.2713,            0.038866,           0.0066271,            0.023969,           0.0094456,           0.0094456,           0.0094456
                  30,            0.050072,            0.013937,            0.030462,             0.16902,             0.99113,             0.35303,             0.19321,            0.031821,           0.0072937,            0.023822,           0.0094258,           0.0094258,           0.0094258
                  31,             0.05239,            0.015005,            0.041743,             0.30851,             0.88173,             0.52658,             0.28457,            0.042811,           0.0076666,            0.024152,            0.009406,            0.009406,            0.009406
                  32,            0.045474,            0.018094,            0.030006,             0.31484,             0.95927,             0.45455,             0.27819,             0.02137,           0.0084133,            0.024033,           0.0093862,           0.0093862,           0.0093862
                  33,            0.047426,            0.019133,            0.037168,             0.23468,             0.91667,              0.3942,              0.1874,            0.026078,           0.0081711,            0.024316,           0.0093664,           0.0093664,           0.0093664
                  34,            0.033652,            0.015719,             0.03163,             0.20963,             0.95833,             0.34878,             0.21238,            0.030001,            0.006855,            0.024454,           0.0093466,           0.0093466,           0.0093466
                  35,             0.04696,            0.014292,            0.034196,             0.34639,             0.94999,             0.46744,             0.30053,            0.055355,           0.0057898,             0.02439,           0.0093268,           0.0093268,           0.0093268
                  36,            0.064686,            0.012863,            0.032674,             0.32609,             0.95833,             0.47024,              0.3237,            0.023051,           0.0069103,            0.024912,            0.009307,            0.009307,            0.009307
                  37,            0.038553,            0.014449,            0.029003,             0.27932,             0.92046,             0.47719,             0.21242,             0.03415,           0.0062151,            0.024335,           0.0092872,           0.0092872,           0.0092872
                  38,            0.043932,            0.013529,             0.03147,             0.31963,             0.99814,             0.48568,             0.34305,            0.023575,            0.006506,            0.024014,           0.0092674,           0.0092674,           0.0092674
                  39,            0.029891,            0.011082,            0.023884,             0.32705,             0.62754,             0.44123,             0.13988,            0.036668,           0.0074768,             0.02406,           0.0092476,           0.0092476,           0.0092476
                  40,            0.049488,            0.016209,             0.03288,             0.25337,               0.625,              0.3995,             0.18023,            0.034399,           0.0073299,            0.024005,           0.0092278,           0.0092278,           0.0092278
                  41,            0.048565,            0.013452,            0.032433,             0.32411,             0.69281,             0.47337,             0.29827,            0.025877,           0.0068665,            0.023776,            0.009208,            0.009208,            0.009208
                  42,            0.047897,            0.014266,            0.034571,             0.31908,             0.83333,             0.49758,             0.16413,            0.027965,           0.0071392,            0.023538,           0.0091882,           0.0091882,           0.0091882
                  43,              0.0473,             0.01202,            0.041058,             0.29179,                   1,             0.42261,             0.25815,            0.034335,           0.0057755,            0.023547,           0.0091684,           0.0091684,           0.0091684
                  44,            0.041559,            0.013582,            0.032855,             0.26907,                   1,             0.52556,             0.24572,             0.03869,            0.005908,            0.023346,           0.0091486,           0.0091486,           0.0091486
                  45,              0.0496,            0.014178,              0.0289,             0.32575,                   1,             0.44813,             0.32454,            0.026383,           0.0055418,            0.023474,           0.0091288,           0.0091288,           0.0091288
                  46,            0.047105,            0.013537,            0.036176,             0.21646,                   1,             0.34629,             0.13618,            0.039426,           0.0070038,            0.023309,            0.009109,            0.009109,            0.009109
                  47,             0.05217,            0.010556,            0.032451,              0.3015,                   1,             0.49502,             0.31062,            0.022207,           0.0072956,            0.023227,           0.0090892,           0.0090892,           0.0090892
                  48,            0.042513,             0.01429,            0.037925,             0.19546,                0.75,             0.38132,             0.17505,            0.032245,           0.0065517,            0.023209,           0.0090694,           0.0090694,           0.0090694
                  49,            0.046291,            0.011499,            0.032208,             0.32062,                   1,             0.54942,             0.35508,            0.027919,           0.0058603,            0.023309,           0.0090496,           0.0090496,           0.0090496
                  50,            0.038536,            0.010828,            0.032357,             0.29774,             0.92413,             0.57772,              0.2753,            0.029334,           0.0053539,            0.023218,           0.0090298,           0.0090298,           0.0090298
                  51,            0.036873,            0.013147,            0.035957,             0.31879,                   1,             0.64687,             0.45649,            0.020845,           0.0052595,            0.023392,             0.00901,             0.00901,             0.00901
                  52,            0.041208,            0.011096,            0.029146,             0.32918,                   1,             0.51119,             0.26751,            0.022803,           0.0055819,              0.0233,           0.0089902,           0.0089902,           0.0089902
                  53,            0.034803,            0.013729,            0.028996,             0.33095,                   1,             0.60689,              0.4165,            0.019815,           0.0054073,            0.023254,           0.0089704,           0.0089704,           0.0089704
                  54,            0.034587,            0.014295,            0.030976,             0.28256,             0.95833,             0.49876,             0.15562,            0.032065,           0.0073767,            0.023364,           0.0089506,           0.0089506,           0.0089506
                  55,            0.043862,            0.011869,            0.035425,             0.32952,                   1,             0.51736,             0.32888,            0.021385,           0.0065804,              0.0233,           0.0089308,           0.0089308,           0.0089308
                  56,            0.027109,             0.01085,            0.024585,             0.23777,               0.875,             0.42154,             0.10683,            0.042193,           0.0062962,            0.023383,            0.008911,            0.008911,            0.008911
                  57,            0.029149,            0.012402,            0.023394,             0.31791,                   1,             0.63508,             0.45114,            0.015871,            0.005065,              0.0233,           0.0088912,           0.0088912,           0.0088912
                  58,            0.034707,            0.011082,            0.036485,             0.33491,                   1,             0.77394,              0.3373,            0.027676,           0.0051708,             0.02298,           0.0088714,           0.0088714,           0.0088714
                  59,             0.03754,             0.01213,            0.031536,             0.33473,             0.98166,             0.82161,             0.53058,            0.021244,           0.0046911,            0.022714,           0.0088516,           0.0088516,           0.0088516
                  60,            0.030213,            0.011597,            0.030989,             0.43669,             0.95833,             0.83313,             0.49919,            0.024116,           0.0050364,            0.022614,           0.0088318,           0.0088318,           0.0088318
                  61,            0.036606,            0.011529,            0.030929,             0.36086,                   1,             0.75435,             0.47035,            0.024256,           0.0048685,             0.02244,            0.008812,            0.008812,            0.008812
                  62,            0.044631,             0.01205,            0.035116,              0.4312,                   1,             0.75764,             0.52069,            0.016492,           0.0045481,            0.022385,           0.0087922,           0.0087922,           0.0087922
                  63,            0.030307,           0.0095908,            0.032272,             0.33683,                   1,             0.76677,             0.41961,            0.026599,           0.0053072,             0.02243,           0.0087724,           0.0087724,           0.0087724
                  64,            0.040588,            0.011551,            0.033608,             0.33924,                   1,             0.80629,             0.60788,             0.01416,            0.004858,            0.022403,           0.0087526,           0.0087526,           0.0087526
                  65,            0.044861,            0.011511,            0.033877,             0.37849,                   1,             0.80481,             0.52156,            0.018825,           0.0047731,            0.022137,           0.0087328,           0.0087328,           0.0087328
                  66,            0.030549,           0.0095733,            0.032103,             0.56973,               0.875,             0.75661,             0.53927,             0.01722,           0.0051193,            0.022092,            0.008713,            0.008713,            0.008713
                  67,            0.041995,            0.010637,            0.034387,             0.40407,             0.82126,             0.74014,             0.42535,            0.027464,           0.0047388,             0.02178,           0.0086932,           0.0086932,           0.0086932
                  68,            0.035631,            0.012244,            0.028935,             0.41761,             0.92143,              0.7991,             0.51324,            0.018511,           0.0046482,            0.022101,           0.0086734,           0.0086734,           0.0086734
                  69,            0.039766,           0.0098813,             0.03165,             0.37285,                   1,             0.73743,             0.33744,            0.027911,           0.0054541,            0.021753,           0.0086536,           0.0086536,           0.0086536
                  70,            0.033824,           0.0092042,            0.028747,             0.41771,             0.85859,             0.70648,             0.42975,             0.02396,           0.0049248,            0.021744,           0.0086338,           0.0086338,           0.0086338
                  71,            0.037701,            0.011296,            0.032472,             0.37107,             0.98013,             0.78379,             0.47315,            0.022989,           0.0047913,            0.021991,            0.008614,            0.008614,            0.008614
                  72,            0.046781,            0.011356,            0.034595,             0.38694,             0.96747,             0.77855,             0.51448,             0.01708,            0.004674,            0.021881,           0.0085942,           0.0085942,           0.0085942
                  73,            0.023136,           0.0094523,            0.026243,             0.29141,             0.91115,             0.63282,             0.18652,            0.039606,           0.0049706,            0.021112,           0.0085744,           0.0085744,           0.0085744
                  74,            0.042282,           0.0096439,            0.030698,             0.75115,             0.76794,             0.83334,             0.42461,             0.02202,           0.0046196,            0.020581,           0.0085546,           0.0085546,           0.0085546
                  75,            0.034115,            0.011219,            0.027179,             0.33252,                   1,             0.86191,             0.50596,             0.02233,           0.0048351,            0.021295,           0.0085348,           0.0085348,           0.0085348
                  76,            0.038225,             0.01127,              0.0347,             0.33186,                   1,             0.77697,             0.48691,            0.019224,           0.0047188,             0.02189,            0.008515,            0.008515,            0.008515
                  77,            0.030147,            0.011061,            0.028736,             0.33728,                   1,             0.73461,             0.41999,            0.022907,           0.0046568,            0.020641,           0.0084952,           0.0084952,           0.0084952
                  78,            0.029756,            0.010893,            0.027627,              0.5479,             0.91667,             0.71818,             0.42207,            0.021775,           0.0046587,            0.020284,           0.0084754,           0.0084754,           0.0084754
                  79,            0.046872,             0.01015,              0.0345,             0.33153,                   1,              0.6976,             0.40774,              0.0203,           0.0045471,            0.020728,           0.0084556,           0.0084556,           0.0084556
                  80,            0.020674,            0.010172,            0.023801,             0.35759,                   1,             0.70561,             0.44219,            0.020421,           0.0044575,            0.020764,           0.0084358,           0.0084358,           0.0084358
                  81,            0.038405,           0.0097884,            0.033681,             0.44237,             0.85795,             0.71066,             0.32056,            0.027108,           0.0046911,            0.020306,            0.008416,            0.008416,            0.008416
                  82,            0.030431,            0.011074,            0.027577,              0.3408,                   1,             0.65141,             0.43148,            0.016695,           0.0042238,            0.020636,           0.0083962,           0.0083962,           0.0083962
                  83,            0.026782,           0.0093368,            0.028514,             0.52808,             0.80446,             0.76285,               0.297,            0.027258,           0.0048695,            0.019725,           0.0083764,           0.0083764,           0.0083764
                  84,             0.03138,            0.008465,            0.027659,             0.38519,             0.99806,              0.6845,             0.43177,            0.022385,           0.0045547,            0.019514,           0.0083566,           0.0083566,           0.0083566
                  85,            0.037169,            0.010869,            0.031466,             0.36904,                   1,             0.70217,              0.4591,            0.017865,           0.0043602,            0.019235,           0.0083368,           0.0083368,           0.0083368
                  86,            0.023291,            0.010037,            0.028688,             0.38287,                   1,             0.78974,             0.44717,            0.022587,           0.0045099,            0.019084,            0.008317,            0.008317,            0.008317
                  87,            0.023349,           0.0098327,            0.025852,             0.45168,             0.95833,             0.84183,             0.54686,             0.01674,            0.004426,            0.019542,           0.0082972,           0.0082972,           0.0082972
                  88,             0.03731,           0.0096069,            0.032246,             0.47862,             0.95833,             0.79849,             0.30392,            0.028281,           0.0043182,            0.018819,           0.0082774,           0.0082774,           0.0082774
                  89,            0.042768,            0.010476,            0.027445,             0.42764,             0.95833,             0.74929,             0.49129,            0.015542,           0.0041065,            0.018416,           0.0082576,           0.0082576,           0.0082576
                  90,            0.038597,            0.011847,            0.028498,             0.38491,                   1,             0.74212,             0.40158,            0.023771,           0.0043507,            0.018123,           0.0082378,           0.0082378,           0.0082378
                  91,            0.029128,            0.009979,            0.026234,             0.64017,             0.91667,             0.88379,             0.59852,            0.015849,           0.0042534,              0.0181,            0.008218,            0.008218,            0.008218
                  92,            0.033611,             0.01074,            0.027678,             0.53749,             0.83132,             0.86715,             0.62132,            0.016334,           0.0042181,            0.017596,           0.0081982,           0.0081982,           0.0081982
                  93,            0.030474,            0.010767,            0.030373,             0.77619,             0.74296,             0.84719,             0.44909,            0.021948,           0.0041609,            0.017601,           0.0081784,           0.0081784,           0.0081784
                  94,            0.032254,           0.0091018,             0.02848,             0.77189,             0.66083,             0.82658,              0.6047,            0.014053,           0.0043507,            0.018544,           0.0081586,           0.0081586,           0.0081586
                  95,            0.031537,            0.010004,            0.030629,             0.92689,             0.77136,             0.90715,             0.44629,            0.022999,           0.0045624,            0.016869,           0.0081388,           0.0081388,           0.0081388
                  96,            0.020885,           0.0090282,            0.020878,             0.93417,             0.77713,             0.90993,             0.54844,            0.021525,             0.00418,            0.016177,            0.008119,            0.008119,            0.008119
                  97,             0.03741,            0.011126,            0.028651,             0.89087,             0.80206,               0.925,             0.50927,            0.020942,           0.0043945,            0.015729,           0.0080992,           0.0080992,           0.0080992
                  98,            0.025634,            0.010357,            0.024862,             0.86195,             0.79167,             0.91994,              0.6344,            0.015922,           0.0042629,            0.015385,           0.0080794,           0.0080794,           0.0080794
                  99,            0.031434,           0.0093785,            0.031111,             0.79838,             0.75461,             0.91699,             0.42439,            0.028833,           0.0046988,            0.015436,           0.0080596,           0.0080596,           0.0080596
                 100,            0.024648,             0.01004,            0.021872,             0.89283,             0.83845,             0.95418,             0.60829,            0.017408,           0.0045166,            0.015688,           0.0080398,           0.0080398,           0.0080398
                 101,            0.026279,           0.0082981,            0.023702,             0.61338,             0.95833,             0.94118,             0.48471,            0.024533,           0.0045996,            0.015385,             0.00802,             0.00802,             0.00802
                 102,            0.023312,           0.0097731,             0.02308,             0.64778,             0.95833,             0.94615,             0.54006,            0.019708,            0.004282,            0.014941,           0.0080002,           0.0080002,           0.0080002
                 103,            0.029408,           0.0095977,            0.026443,             0.60436,             0.91667,             0.93764,             0.57948,            0.019638,           0.0044889,            0.014539,           0.0079804,           0.0079804,           0.0079804
                 104,             0.03475,            0.010412,            0.028627,             0.50767,             0.91667,             0.83785,             0.44333,             0.02554,           0.0045929,            0.014058,           0.0079606,           0.0079606,           0.0079606
                 105,            0.033244,            0.010233,            0.023973,             0.74468,             0.91575,             0.93771,             0.63416,            0.016656,            0.004631,             0.01393,           0.0079408,           0.0079408,           0.0079408
                 106,            0.024687,           0.0099446,            0.021407,             0.46951,             0.92338,             0.67873,             0.32871,            0.030146,           0.0046787,            0.016159,            0.007921,            0.007921,            0.007921
                 107,            0.030503,           0.0099593,            0.025716,             0.83095,              0.8557,             0.88927,             0.60504,            0.016934,           0.0042925,            0.014772,           0.0079012,           0.0079012,           0.0079012
                 108,            0.034236,           0.0097887,            0.028789,             0.80824,             0.91667,             0.93462,             0.53453,            0.023796,           0.0046549,             0.01404,           0.0078814,           0.0078814,           0.0078814
                 109,            0.032615,            0.010066,            0.024723,             0.81622,             0.86893,             0.88923,             0.63556,            0.015777,           0.0044155,            0.013774,           0.0078616,           0.0078616,           0.0078616
                 110,            0.028729,              0.0097,            0.022735,             0.70467,             0.88611,             0.92043,             0.62855,            0.018981,            0.004384,            0.013147,           0.0078418,           0.0078418,           0.0078418
                 111,            0.027876,            0.010316,            0.025096,             0.91793,             0.78194,             0.92348,             0.63338,            0.018655,           0.0047112,            0.013051,            0.007822,            0.007822,            0.007822
                 112,            0.032746,           0.0091891,            0.026472,              0.7613,             0.82452,             0.88225,             0.62116,            0.016743,           0.0047112,            0.012955,           0.0078022,           0.0078022,           0.0078022
                 113,             0.02857,            0.009544,             0.02468,             0.80362,             0.79167,             0.89394,             0.59473,            0.019846,           0.0045824,            0.012708,           0.0077824,           0.0077824,           0.0077824
                 114,            0.031427,           0.0098727,            0.024098,             0.92849,             0.78137,             0.89244,             0.66222,             0.01668,           0.0045395,            0.012941,           0.0077626,           0.0077626,           0.0077626
                 115,            0.030731,           0.0095314,            0.025015,             0.94255,             0.74162,             0.90377,             0.57277,            0.021702,           0.0045395,            0.012373,           0.0077428,           0.0077428,           0.0077428
                 116,            0.029785,           0.0099816,            0.026024,             0.87293,             0.66667,             0.83316,             0.47418,            0.021355,           0.0045891,            0.013344,            0.007723,            0.007723,            0.007723
                 117,            0.037285,            0.010326,             0.02628,              0.8266,             0.77277,             0.85858,             0.61578,             0.01965,           0.0043802,            0.012515,           0.0077032,           0.0077032,           0.0077032
                 118,            0.031543,           0.0092688,            0.024835,             0.93619,             0.74113,             0.90331,             0.45166,            0.023371,           0.0048399,            0.011916,           0.0076834,           0.0076834,           0.0076834
                 119,             0.03419,           0.0098781,            0.029466,             0.79177,             0.79167,             0.87475,             0.62515,            0.015262,           0.0042419,            0.012053,           0.0076636,           0.0076636,           0.0076636
                 120,            0.024992,           0.0098683,             0.02273,             0.67387,             0.95833,             0.91235,             0.46517,            0.025393,            0.004487,            0.012085,           0.0076438,           0.0076438,           0.0076438
                 121,            0.026566,           0.0099138,            0.020722,             0.84951,             0.70833,             0.89991,             0.66383,            0.016053,           0.0041132,            0.011861,            0.007624,            0.007624,            0.007624
                 122,            0.033002,           0.0080422,            0.021993,             0.81102,             0.85392,             0.93577,             0.53358,             0.02219,           0.0042315,            0.011501,           0.0076042,           0.0076042,           0.0076042
                 123,            0.028738,           0.0082344,            0.024753,             0.93736,             0.86684,              0.9482,             0.66317,            0.019345,           0.0042171,            0.011282,           0.0075844,           0.0075844,           0.0075844
                 124,            0.036408,           0.0098193,             0.02262,             0.93013,             0.82239,             0.94339,             0.52314,             0.02371,           0.0043259,            0.011188,           0.0075646,           0.0075646,           0.0075646
                 125,            0.029231,           0.0094927,            0.022437,             0.76404,             0.83333,             0.93632,               0.634,            0.016762,           0.0041418,            0.012117,           0.0075448,           0.0075448,           0.0075448
                 126,            0.026764,           0.0084914,            0.021978,             0.73013,             0.81933,             0.89645,             0.41243,            0.026333,           0.0045662,            0.011998,            0.007525,            0.007525,            0.007525
                 127,            0.025172,           0.0086488,            0.022329,               0.653,             0.79167,             0.91191,             0.59298,            0.017691,           0.0044117,            0.013458,           0.0075052,           0.0075052,           0.0075052
                 128,            0.030369,           0.0093722,            0.027255,             0.91132,             0.83333,             0.92573,             0.61002,            0.017663,           0.0041389,             0.01116,           0.0074854,           0.0074854,           0.0074854
                 129,            0.029508,           0.0092921,            0.022645,             0.78727,             0.87499,             0.93674,               0.568,            0.018853,           0.0043221,            0.011929,           0.0074656,           0.0074656,           0.0074656
                 130,            0.030117,            0.010701,            0.020101,             0.93417,             0.84459,             0.94958,             0.65184,            0.015692,           0.0041628,             0.01105,           0.0074458,           0.0074458,           0.0074458
                 131,            0.021729,            0.008124,            0.016881,              0.8411,               0.875,             0.91139,             0.51349,             0.02389,           0.0041094,            0.010851,            0.007426,            0.007426,            0.007426
                 132,            0.031589,            0.009253,            0.022802,             0.96415,             0.86097,             0.95867,              0.6818,            0.015675,           0.0040369,            0.011245,           0.0074062,           0.0074062,           0.0074062
                 133,            0.030406,           0.0083318,            0.027466,             0.92235,             0.90117,             0.96041,             0.62537,            0.017268,           0.0042458,            0.011167,           0.0073864,           0.0073864,           0.0073864
                 134,            0.028597,           0.0085601,            0.027131,             0.96295,             0.85544,             0.96574,             0.69536,            0.013278,           0.0040121,            0.010654,           0.0073666,           0.0073666,           0.0073666
                 135,             0.02649,           0.0087841,             0.02263,             0.80855,             0.92741,             0.95625,             0.59058,            0.021361,           0.0042572,            0.012076,           0.0073468,           0.0073468,           0.0073468
                 136,            0.028166,           0.0093732,            0.020044,             0.72161,             0.91667,             0.92621,             0.57086,            0.018743,            0.004344,            0.015404,            0.007327,            0.007327,            0.007327
                 137,            0.027933,           0.0083942,            0.019559,             0.78863,             0.95833,             0.94632,             0.56455,            0.023549,           0.0041418,            0.011531,           0.0073072,           0.0073072,           0.0073072
                 138,            0.027684,           0.0099723,            0.020497,             0.91624,              0.8878,             0.96938,             0.70846,            0.016262,           0.0039635,           0.0084847,           0.0072874,           0.0072874,           0.0072874
                 139,            0.027015,            0.010169,            0.020531,             0.92698,             0.89464,             0.96833,             0.59403,            0.020552,           0.0041656,           0.0078209,           0.0072676,           0.0072676,           0.0072676
                 140,            0.032361,           0.0090632,            0.020976,               0.937,             0.90076,             0.96938,             0.67141,            0.016301,           0.0040503,           0.0078735,           0.0072478,           0.0072478,           0.0072478
                 141,            0.028521,           0.0092862,            0.019414,             0.86634,             0.92297,             0.96938,             0.66339,             0.01773,           0.0041237,           0.0095238,            0.007228,            0.007228,            0.007228
                 142,            0.031421,            0.010181,            0.021873,             0.86443,             0.90328,             0.96211,             0.59615,            0.022553,           0.0043306,            0.011215,           0.0072082,           0.0072082,           0.0072082
                 143,            0.030988,            0.010605,            0.021821,             0.90097,             0.87798,             0.96579,             0.72873,            0.015168,           0.0041885,            0.010952,           0.0071884,           0.0071884,           0.0071884
                 144,            0.027519,           0.0086233,            0.019105,             0.75435,             0.91671,             0.96478,              0.4649,            0.026337,           0.0043306,            0.012872,           0.0071686,           0.0071686,           0.0071686
                 145,            0.034508,           0.0099027,            0.020493,             0.80957,             0.83527,             0.88455,             0.63417,            0.015793,           0.0041838,            0.013692,           0.0071488,           0.0071488,           0.0071488
                 146,            0.026346,              0.0103,            0.015973,             0.82846,             0.73201,             0.81952,             0.33876,            0.030338,           0.0043316,            0.021881,            0.007129,            0.007129,            0.007129
                 147,            0.026874,           0.0084447,            0.012817,             0.84986,             0.74193,             0.86649,             0.59104,            0.015351,           0.0041656,            0.016832,           0.0071092,           0.0071092,           0.0071092
                 148,            0.028373,           0.0094823,            0.019127,              0.7572,             0.67495,             0.89769,             0.47053,            0.028375,           0.0043383,            0.017839,           0.0070894,           0.0070894,           0.0070894
                 149,            0.024186,           0.0086376,            0.015709,             0.77348,             0.73467,             0.85853,             0.60109,            0.015486,           0.0041876,            0.016887,           0.0070696,           0.0070696,           0.0070696
                 150,            0.031711,            0.008435,            0.017741,              0.8417,             0.72652,             0.89286,             0.62091,              0.0147,           0.0043936,            0.017551,           0.0070498,           0.0070498,           0.0070498
                 151,            0.030489,           0.0097873,            0.017424,             0.86794,             0.70538,             0.90725,             0.62357,            0.015351,           0.0043507,            0.014973,             0.00703,             0.00703,             0.00703
                 152,            0.032605,           0.0096589,             0.01934,             0.79427,             0.71425,             0.88114,             0.61526,            0.016127,           0.0045233,            0.013243,           0.0070102,           0.0070102,           0.0070102
                 153,            0.031749,           0.0090921,            0.022904,             0.82281,             0.84412,             0.94083,             0.62064,            0.018656,           0.0046825,            0.011243,           0.0069904,           0.0069904,           0.0069904
                 154,            0.029086,           0.0093098,            0.020957,             0.93823,             0.86532,             0.96032,              0.6666,             0.02022,           0.0044546,           0.0087639,           0.0069706,           0.0069706,           0.0069706
                 155,            0.031416,           0.0091505,            0.016717,             0.90293,             0.91259,             0.96292,             0.68976,            0.015846,           0.0041742,           0.0070084,           0.0069508,           0.0069508,           0.0069508
                 156,            0.025819,           0.0079735,            0.012013,             0.90106,             0.88188,             0.90325,             0.56687,            0.017645,           0.0042038,           0.0081024,            0.006931,            0.006931,            0.006931
                 157,            0.034681,           0.0097391,            0.018167,             0.89451,               0.875,             0.89553,             0.61803,            0.016191,           0.0041122,           0.0089722,           0.0069112,           0.0069112,           0.0069112
                 158,            0.027921,           0.0096196,            0.019839,             0.96546,              0.8679,             0.98409,             0.56883,            0.019586,           0.0041513,           0.0063606,           0.0068914,           0.0068914,           0.0068914
                 159,            0.030416,            0.011167,             0.01366,             0.78922,             0.95656,               0.975,             0.71581,            0.017568,           0.0039253,           0.0065231,           0.0068716,           0.0068716,           0.0068716
                 160,            0.031337,           0.0090666,            0.014803,             0.77759,             0.83761,             0.94923,             0.68784,             0.01659,           0.0040674,            0.014758,           0.0068518,           0.0068518,           0.0068518
                 161,             0.02141,           0.0095273,            0.014451,             0.86315,             0.83333,             0.89148,             0.58034,            0.016551,           0.0042362,            0.015244,            0.006832,            0.006832,            0.006832
                 162,            0.026294,           0.0092654,            0.016103,             0.81735,             0.83582,              0.9662,             0.55672,            0.021352,           0.0045643,            0.010899,           0.0068122,           0.0068122,           0.0068122
                 163,            0.028132,           0.0079275,            0.017598,             0.84269,             0.87456,             0.98409,             0.60328,            0.017212,           0.0043335,           0.0090775,           0.0067924,           0.0067924,           0.0067924
                 164,            0.026989,           0.0079423,            0.016131,             0.94054,             0.87378,             0.99056,             0.68334,            0.014344,           0.0041504,           0.0076355,           0.0067726,           0.0067726,           0.0067726
                 165,            0.018085,           0.0081175,             0.01285,             0.81854,              0.8858,             0.97056,             0.62042,            0.019065,           0.0045424,            0.014108,           0.0067528,           0.0067528,           0.0067528
                 166,            0.021429,           0.0095226,            0.012226,             0.92671,             0.93433,             0.97962,             0.61864,            0.018634,           0.0043201,           0.0079193,            0.006733,            0.006733,            0.006733
                 167,            0.025938,           0.0082924,            0.016549,             0.89729,             0.92804,               0.987,             0.50807,            0.023404,           0.0046043,           0.0079559,           0.0067132,           0.0067132,           0.0067132
                 168,            0.026417,           0.0080862,            0.017872,             0.95049,             0.89392,             0.97962,             0.61701,             0.01774,           0.0042372,           0.0065117,           0.0066934,           0.0066934,           0.0066934
                 169,            0.020751,           0.0089063,            0.012868,             0.96779,             0.96239,               0.995,              0.5327,            0.023805,           0.0044088,            0.004739,           0.0066736,           0.0066736,           0.0066736
                 170,            0.036248,           0.0083358,            0.019056,                0.95,             0.95833,             0.99056,             0.67105,             0.01727,           0.0042448,           0.0046543,           0.0066538,           0.0066538,           0.0066538
                 171,            0.030153,           0.0098531,            0.018215,             0.95268,             0.95833,               0.987,             0.59927,             0.02217,           0.0041866,           0.0045628,            0.006634,            0.006634,            0.006634
                 172,            0.035286,            0.010268,            0.015239,             0.98223,             0.95833,               0.987,             0.72565,            0.015009,           0.0039806,           0.0042194,           0.0066142,           0.0066142,           0.0066142
                 173,            0.023231,            0.010181,            0.012891,              0.9767,             0.94052,               0.987,             0.57267,            0.019857,           0.0042973,           0.0046108,           0.0065944,           0.0065944,           0.0065944
                 174,            0.028413,           0.0091022,            0.018578,             0.97293,             0.93512,               0.987,               0.711,            0.017028,           0.0039911,           0.0046623,           0.0065746,           0.0065746,           0.0065746
                 175,            0.025413,           0.0088388,            0.011843,              0.9523,             0.87584,             0.98256,              0.6248,            0.022648,           0.0040922,           0.0059189,           0.0065548,           0.0065548,           0.0065548
                 176,            0.030733,           0.0094881,            0.018084,             0.96244,             0.95187,               0.987,             0.71265,            0.014924,           0.0040846,           0.0049221,            0.006535,            0.006535,            0.006535
                 177,            0.028884,            0.010107,            0.016842,              0.9258,             0.92943,             0.98256,             0.61319,            0.019636,           0.0043955,            0.005793,           0.0065152,           0.0065152,           0.0065152
                 178,            0.035026,           0.0092451,             0.02035,             0.90119,             0.95369,             0.98256,             0.71241,             0.01569,           0.0043259,           0.0062759,           0.0064954,           0.0064954,           0.0064954
                 179,            0.032331,            0.010037,            0.016919,             0.94456,             0.89012,             0.98256,             0.65546,             0.01987,           0.0044336,           0.0059532,           0.0064756,           0.0064756,           0.0064756
                 180,            0.032578,           0.0082757,            0.015707,             0.93677,              0.9508,              0.9813,             0.71088,            0.016269,           0.0040989,           0.0060745,           0.0064558,           0.0064558,           0.0064558
                 181,            0.029599,           0.0088514,            0.022489,             0.94541,             0.93665,              0.9813,             0.59837,            0.021553,           0.0041714,           0.0063538,            0.006436,            0.006436,            0.006436
                 182,             0.02471,           0.0081974,            0.013215,              0.9629,              0.8943,             0.98256,             0.73744,            0.017799,           0.0041599,            0.006205,           0.0064162,           0.0064162,           0.0064162
                 183,            0.026767,           0.0083285,            0.014161,             0.98547,             0.91667,             0.98611,              0.6057,            0.019484,           0.0042801,            0.004937,           0.0063964,           0.0063964,           0.0063964
                 184,            0.015265,           0.0078627,           0.0091681,             0.94321,             0.95309,             0.98256,             0.73834,            0.015668,           0.0043011,           0.0055824,           0.0063766,           0.0063766,           0.0063766
                 185,            0.024453,            0.010403,            0.014402,             0.98203,             0.91161,             0.98611,             0.61073,            0.020415,           0.0046024,           0.0045078,           0.0063568,           0.0063568,           0.0063568
                 186,            0.032222,           0.0096552,            0.014965,             0.96651,             0.95019,             0.99056,             0.72432,            0.015018,           0.0046558,           0.0039539,            0.006337,            0.006337,            0.006337
                 187,            0.030025,           0.0096724,            0.016161,             0.98083,             0.95176,              0.9678,             0.61483,            0.017157,           0.0049686,           0.0037594,           0.0063172,           0.0063172,           0.0063172
                 188,             0.02954,           0.0093102,            0.015698,             0.98303,             0.95833,             0.97382,             0.68799,            0.015937,            0.004858,           0.0034996,           0.0062974,           0.0062974,           0.0062974
                 189,            0.035672,           0.0089746,            0.016351,             0.98628,             0.96508,               0.995,             0.69799,            0.015155,           0.0047321,            0.003447,           0.0062776,           0.0062776,           0.0062776
                 190,            0.027104,           0.0078235,            0.014163,             0.87739,             0.92646,             0.98409,              0.7045,            0.016408,           0.0046072,           0.0063446,           0.0062578,           0.0062578,           0.0062578
                 191,            0.023896,           0.0088232,            0.014693,             0.86516,             0.92536,             0.98167,             0.66663,            0.016979,           0.0043507,           0.0074547,            0.006238,            0.006238,            0.006238
                 192,             0.02349,            0.010391,            0.014507,             0.96873,              0.8386,             0.98409,              0.7229,            0.014422,           0.0041838,           0.0067932,           0.0062182,           0.0062182,           0.0062182
                 193,            0.032089,            0.009176,            0.017138,             0.96415,             0.83872,             0.98409,             0.66242,            0.019052,           0.0041332,           0.0068367,           0.0061984,           0.0061984,           0.0061984
                 194,             0.02519,           0.0086591,            0.011872,             0.82605,             0.98875,             0.98409,             0.72457,            0.015255,           0.0041981,           0.0057198,           0.0061786,           0.0061786,           0.0061786
                 195,            0.024835,           0.0088597,           0.0071129,              0.9073,             0.94967,               0.987,             0.63149,            0.018941,           0.0043383,           0.0043533,           0.0061588,           0.0061588,           0.0061588
                 196,             0.02249,           0.0080251,            0.012147,             0.94327,             0.99948,             0.99056,              0.7127,            0.014596,           0.0041218,           0.0033669,            0.006139,            0.006139,            0.006139
                 197,            0.035217,            0.010631,           0.0095179,             0.96573,             0.94804,             0.99056,             0.63477,            0.018736,           0.0045605,           0.0031345,           0.0061192,           0.0061192,           0.0061192
                 198,            0.029233,           0.0096694,            0.011467,             0.94563,             0.91667,             0.98256,             0.70129,            0.015477,           0.0043907,           0.0029034,           0.0060994,           0.0060994,           0.0060994
                 199,            0.030854,           0.0086343,            0.012105,             0.95795,             0.92292,               0.987,             0.66877,              0.0183,           0.0046349,            0.004295,           0.0060796,           0.0060796,           0.0060796
                 200,            0.023735,           0.0075003,           0.0097475,             0.97637,             0.94998,               0.995,             0.73137,            0.014447,           0.0043192,           0.0024817,           0.0060598,           0.0060598,           0.0060598
                 201,            0.025129,           0.0082256,            0.015207,             0.98461,              0.9682,               0.995,             0.70779,            0.016943,           0.0043173,           0.0025028,             0.00604,             0.00604,             0.00604
                 202,            0.021068,           0.0081525,            0.011958,             0.99403,             0.95993,               0.995,              0.6817,            0.016386,           0.0041361,           0.0030796,           0.0060202,           0.0060202,           0.0060202
                 203,            0.021553,           0.0083657,            0.012485,             0.98772,             0.98444,               0.995,             0.73907,            0.014906,           0.0040855,           0.0031631,           0.0060004,           0.0060004,           0.0060004
                 204,            0.027069,           0.0096713,            0.013321,             0.99298,              0.9688,               0.995,             0.68027,            0.017071,           0.0040751,           0.0028347,           0.0059806,           0.0059806,           0.0059806
                 205,            0.031368,           0.0097892,            0.016938,             0.98281,             0.99086,               0.995,             0.75429,            0.012989,           0.0038471,           0.0020056,           0.0059608,           0.0059608,           0.0059608
                 206,             0.02294,           0.0082945,            0.014821,             0.95856,             0.96172,               0.995,             0.58328,            0.022382,           0.0042572,           0.0033062,            0.005941,            0.005941,            0.005941
                 207,            0.019408,            0.008249,           0.0066323,             0.92796,             0.92103,             0.98409,             0.70182,            0.014822,           0.0041571,           0.0055939,           0.0059212,           0.0059212,           0.0059212
                 208,            0.028784,           0.0086068,            0.012984,             0.85748,             0.90206,             0.96722,             0.61765,            0.017917,           0.0043955,            0.011302,           0.0059014,           0.0059014,           0.0059014
                 209,            0.026985,           0.0086341,            0.012731,             0.79418,             0.73771,             0.88612,             0.62306,            0.016393,            0.004715,            0.023767,           0.0058816,           0.0058816,           0.0058816
                 210,            0.027746,           0.0098223,             0.01726,             0.76732,             0.76947,             0.84713,             0.56939,            0.016632,           0.0046835,            0.019107,           0.0058618,           0.0058618,           0.0058618
                 211,            0.034727,           0.0085858,             0.01048,             0.68704,             0.69484,             0.75716,             0.54413,            0.016993,           0.0051489,            0.021973,            0.005842,            0.005842,            0.005842
                 212,            0.024171,           0.0084887,           0.0084907,             0.53379,             0.82677,             0.80343,             0.50103,            0.018488,           0.0050306,            0.024005,           0.0058222,           0.0058222,           0.0058222
                 213,            0.023405,           0.0094622,           0.0053613,             0.69134,             0.76419,              0.7822,             0.54448,            0.017401,           0.0050755,            0.027997,           0.0058024,           0.0058024,           0.0058024
                 214,            0.029899,           0.0079589,            0.010585,             0.66854,             0.74917,             0.79997,             0.57518,            0.015338,            0.004632,            0.030002,           0.0057826,           0.0057826,           0.0057826
                 215,            0.019867,           0.0082314,           0.0067044,             0.66796,             0.67827,             0.68563,             0.46538,            0.023828,           0.0050325,            0.038232,           0.0057628,           0.0057628,           0.0057628
                 216,            0.033706,           0.0080515,            0.013313,             0.65828,             0.70833,              0.8082,             0.56955,            0.020772,           0.0046806,            0.030377,            0.005743,            0.005743,            0.005743
                 217,            0.030307,           0.0091986,            0.014434,             0.79677,             0.86861,             0.94536,             0.68627,            0.015367,           0.0043602,             0.01507,           0.0057232,           0.0057232,           0.0057232
                 218,            0.017072,           0.0081851,           0.0057575,             0.85893,             0.97271,               0.995,             0.62052,            0.019675,           0.0043344,           0.0088005,           0.0057034,           0.0057034,           0.0057034
                 219,            0.022764,           0.0078946,            0.010842,             0.86033,             0.92559,              0.9678,             0.57454,            0.021071,           0.0044775,           0.0082306,           0.0056836,           0.0056836,           0.0056836
                 220,            0.016428,           0.0077248,           0.0081904,             0.95128,              0.8933,             0.99056,             0.67143,            0.016251,           0.0042496,           0.0047951,           0.0056638,           0.0056638,           0.0056638
                 221,            0.016867,           0.0085885,           0.0075767,              0.9386,             0.97517,               0.995,             0.67367,            0.017368,           0.0043945,           0.0038853,            0.005644,            0.005644,            0.005644
                 222,            0.027235,           0.0090241,           0.0066353,             0.95973,             0.96448,               0.995,             0.68499,            0.016473,           0.0044527,           0.0032845,           0.0056242,           0.0056242,           0.0056242
                 223,            0.027758,           0.0093491,            0.013847,             0.96789,             0.99318,               0.995,             0.72613,            0.015912,           0.0042725,           0.0022316,           0.0056044,           0.0056044,           0.0056044
                 224,            0.022897,           0.0092418,            0.016197,             0.98965,                   1,               0.995,             0.72224,            0.014806,           0.0040598,           0.0018059,           0.0055846,           0.0055846,           0.0055846
                 225,            0.016701,           0.0074849,           0.0093905,             0.98329,                   1,               0.995,             0.75772,            0.013808,           0.0039415,           0.0022036,           0.0055648,           0.0055648,           0.0055648
                 226,            0.022715,           0.0087735,            0.010459,             0.99263,                   1,               0.995,             0.62144,            0.019025,           0.0042267,           0.0015776,            0.005545,            0.005545,            0.005545
                 227,            0.022947,           0.0092159,            0.012171,             0.99196,                   1,               0.995,             0.73107,            0.014022,           0.0040293,           0.0012074,           0.0055252,           0.0055252,           0.0055252
                 228,            0.021667,           0.0093001,           0.0081714,              0.9744,             0.99849,               0.995,             0.63414,            0.021042,           0.0042143,           0.0014657,           0.0055054,           0.0055054,           0.0055054
                 229,            0.024265,           0.0084021,           0.0073943,             0.95006,             0.99297,               0.995,             0.74107,            0.016223,           0.0041065,           0.0019495,           0.0054856,           0.0054856,           0.0054856
                 230,             0.02697,           0.0088304,            0.012775,             0.98305,                   1,               0.995,             0.67394,            0.016537,           0.0041428,           0.0010792,           0.0054658,           0.0054658,           0.0054658
                 231,            0.028637,           0.0088419,             0.01596,             0.99042,                   1,               0.995,             0.74525,            0.015327,           0.0039339,          0.00073586,            0.005446,            0.005446,            0.005446
                 232,            0.025249,            0.010718,           0.0096167,             0.98917,                   1,               0.995,             0.64814,              0.0168,           0.0039139,          0.00073171,           0.0054262,           0.0054262,           0.0054262
                 233,            0.024408,           0.0078242,           0.0080987,             0.99079,                   1,               0.995,             0.76566,            0.015286,           0.0038748,           0.0007463,           0.0054064,           0.0054064,           0.0054064
                 234,            0.022506,           0.0087956,           0.0090674,             0.99046,                   1,               0.995,             0.73239,            0.016337,           0.0038176,          0.00077147,           0.0053866,           0.0053866,           0.0053866
                 235,            0.023674,           0.0088986,           0.0082383,             0.98963,                   1,               0.995,             0.71188,            0.017271,           0.0040236,          0.00079937,           0.0053668,           0.0053668,           0.0053668
                 236,            0.023221,           0.0099338,           0.0078931,             0.98935,                   1,               0.995,              0.7237,            0.015504,           0.0038214,          0.00081768,            0.005347,            0.005347,            0.005347
                 237,            0.017772,           0.0089575,           0.0067487,             0.99034,                   1,               0.995,             0.73546,            0.015144,           0.0038862,          0.00085731,           0.0053272,           0.0053272,           0.0053272
                 238,            0.020311,            0.008779,           0.0082475,             0.98956,                   1,               0.995,             0.72256,            0.018106,           0.0037766,          0.00089293,           0.0053074,           0.0053074,           0.0053074
                 239,            0.024395,            0.009475,            0.011987,             0.98517,                   1,               0.995,             0.67591,            0.015952,           0.0038967,           0.0010403,           0.0052876,           0.0052876,           0.0052876
                 240,            0.024401,           0.0088814,           0.0084368,             0.98353,                   1,               0.995,             0.74912,            0.014704,           0.0037689,           0.0010869,           0.0052678,           0.0052678,           0.0052678
                 241,            0.022135,           0.0076873,           0.0086775,             0.98582,                   1,               0.995,             0.63551,            0.019717,            0.004056,           0.0011172,            0.005248,            0.005248,            0.005248
                 242,            0.024103,           0.0082853,            0.011359,             0.99019,                   1,               0.995,             0.74701,            0.015995,           0.0037189,           0.0011232,           0.0052282,           0.0052282,           0.0052282
                 243,            0.024413,           0.0099581,           0.0099851,             0.99044,                   1,               0.995,             0.64835,            0.017833,           0.0039802,           0.0012657,           0.0052084,           0.0052084,           0.0052084
                 244,            0.023386,           0.0096088,           0.0087881,             0.99067,                   1,               0.995,             0.72186,            0.014016,           0.0037756,           0.0011716,           0.0051886,           0.0051886,           0.0051886
                 245,            0.021208,           0.0079112,           0.0053858,             0.99067,                   1,               0.995,             0.70572,            0.016089,           0.0039148,           0.0011953,           0.0051688,           0.0051688,           0.0051688
                 246,            0.022482,            0.008635,            0.005964,             0.99038,                   1,               0.995,              0.7149,            0.017321,           0.0037909,           0.0011467,            0.005149,            0.005149,            0.005149
                 247,            0.024686,           0.0082131,            0.012817,             0.99024,                   1,               0.995,             0.71104,            0.015804,           0.0038795,           0.0012111,           0.0051292,           0.0051292,           0.0051292
                 248,            0.023913,           0.0078394,            0.009134,             0.98841,                   1,               0.995,             0.65831,             0.01947,           0.0039129,           0.0015203,           0.0051094,           0.0051094,           0.0051094
                 249,            0.025062,            0.007671,           0.0094041,             0.98546,                   1,               0.995,             0.67323,            0.016953,           0.0039186,           0.0016851,           0.0050896,           0.0050896,           0.0050896
                 250,            0.029976,           0.0087044,           0.0099167,             0.98357,             0.99922,               0.995,             0.69744,            0.017318,           0.0040169,           0.0015936,           0.0050698,           0.0050698,           0.0050698
                 251,            0.021284,           0.0094975,           0.0049895,             0.98048,             0.99653,               0.995,             0.70949,            0.016625,           0.0039692,           0.0015999,             0.00505,             0.00505,             0.00505
                 252,            0.024956,           0.0088586,           0.0070654,             0.98528,             0.99835,               0.995,             0.63604,            0.018866,           0.0043907,           0.0013762,           0.0050302,           0.0050302,           0.0050302
                 253,            0.025645,           0.0095176,            0.010875,             0.99084,                   1,               0.995,             0.68127,            0.016644,           0.0042629,            0.001072,           0.0050104,           0.0050104,           0.0050104
                 254,            0.024548,           0.0082197,             0.01619,             0.99038,                   1,               0.995,             0.69045,            0.016451,           0.0041027,            0.001064,           0.0049906,           0.0049906,           0.0049906
                 255,            0.018848,           0.0080568,           0.0071668,             0.98963,                   1,               0.995,             0.70226,            0.014628,           0.0041084,           0.0010437,           0.0049708,           0.0049708,           0.0049708
                 256,            0.022474,           0.0086652,           0.0052204,             0.98737,                   1,               0.995,             0.65767,            0.017004,           0.0042372,           0.0011287,            0.004951,            0.004951,            0.004951
                 257,            0.021779,           0.0090885,            0.013135,             0.98163,             0.99758,               0.995,             0.71752,            0.014771,           0.0040236,           0.0013258,           0.0049312,           0.0049312,           0.0049312
                 258,            0.021427,           0.0080652,           0.0059774,             0.97496,             0.99557,               0.995,             0.70209,            0.016634,           0.0040751,           0.0014935,           0.0049114,           0.0049114,           0.0049114
                 259,             0.02307,           0.0093142,            0.011189,             0.97979,             0.99765,               0.995,             0.73454,            0.014148,           0.0040274,           0.0013487,           0.0048916,           0.0048916,           0.0048916
                 260,            0.023015,           0.0085321,           0.0055677,             0.98472,                   1,               0.995,             0.70427,            0.016348,           0.0040808,           0.0012002,           0.0048718,           0.0048718,           0.0048718
                 261,            0.022586,           0.0084106,           0.0082638,             0.98927,                   1,               0.995,             0.72324,            0.014198,           0.0040627,            0.001139,            0.004852,            0.004852,            0.004852
                 262,            0.021452,           0.0094437,           0.0044993,             0.99135,                   1,               0.995,             0.68803,            0.016008,           0.0041103,           0.0010325,           0.0048322,           0.0048322,           0.0048322
                 263,            0.021155,           0.0091353,           0.0066208,              0.9924,                   1,               0.995,             0.74405,            0.014805,           0.0040083,          0.00092869,           0.0048124,           0.0048124,           0.0048124
                 264,             0.02746,           0.0085493,           0.0084005,             0.99159,                   1,               0.995,              0.7379,            0.014721,           0.0039845,          0.00085545,           0.0047926,           0.0047926,           0.0047926
                 265,            0.024781,            0.008639,           0.0063838,             0.98839,                   1,               0.995,             0.70153,            0.016883,           0.0041656,          0.00089808,           0.0047728,           0.0047728,           0.0047728
                 266,            0.025639,           0.0075922,           0.0070906,             0.98656,                   1,               0.995,             0.72509,            0.015802,           0.0040398,          0.00087719,            0.004753,            0.004753,            0.004753
                 267,             0.02815,           0.0094323,            0.010663,             0.98926,                   1,               0.995,              0.7257,             0.01445,           0.0039663,          0.00079679,           0.0047332,           0.0047332,           0.0047332
                 268,            0.024741,           0.0086737,            0.010422,              0.9869,                   1,               0.995,             0.73705,            0.015625,           0.0039902,          0.00093184,           0.0047134,           0.0047134,           0.0047134
                 269,            0.017881,           0.0079591,            0.010081,             0.98736,                   1,               0.995,              0.7009,             0.01674,           0.0039806,          0.00096674,           0.0046936,           0.0046936,           0.0046936
                 270,            0.019479,           0.0074703,           0.0073698,             0.98895,                   1,               0.995,             0.70489,            0.016128,           0.0039511,          0.00079708,           0.0046738,           0.0046738,           0.0046738
                 271,            0.024903,           0.0090912,           0.0092474,             0.99293,                   1,               0.995,             0.67494,            0.015995,           0.0039721,          0.00081911,            0.004654,            0.004654,            0.004654
                 272,            0.025328,           0.0088037,            0.013681,             0.98654,                   1,               0.995,             0.67406,            0.015262,           0.0039158,           0.0010448,           0.0046342,           0.0046342,           0.0046342
                 273,             0.02176,           0.0078924,            0.017999,             0.98119,                   1,               0.995,             0.71245,            0.015171,           0.0038815,            0.001268,           0.0046144,           0.0046144,           0.0046144
                 274,            0.026317,           0.0089165,            0.015077,             0.98361,                   1,               0.995,             0.76492,            0.012925,           0.0039387,           0.0011656,           0.0045946,           0.0045946,           0.0045946
                 275,            0.029734,           0.0084602,            0.007466,             0.98815,                   1,               0.995,             0.75742,            0.013503,           0.0038729,          0.00094271,           0.0045748,           0.0045748,           0.0045748
                 276,            0.024782,           0.0087945,            0.011012,             0.99005,                   1,               0.995,             0.69639,            0.017461,           0.0039854,          0.00093842,            0.004555,            0.004555,            0.004555
                 277,            0.026192,           0.0089148,           0.0083167,             0.99228,                   1,               0.995,             0.76111,            0.013261,           0.0038567,          0.00073729,           0.0045352,           0.0045352,           0.0045352
                 278,            0.020745,           0.0082668,           0.0061389,             0.99245,                   1,               0.995,             0.71435,            0.018314,           0.0039997,          0.00064259,           0.0045154,           0.0045154,           0.0045154
                 279,            0.023831,            0.008958,            0.010295,             0.99201,                   1,               0.995,             0.70799,            0.014858,           0.0039053,          0.00060411,           0.0044956,           0.0044956,           0.0044956
                 280,            0.021347,           0.0083624,           0.0060933,              0.9911,                   1,               0.995,             0.73296,            0.015542,           0.0040398,           0.0006114,           0.0044758,           0.0044758,           0.0044758
                 281,            0.019075,           0.0077549,             0.00495,             0.98948,                   1,               0.995,             0.73177,            0.015501,           0.0040483,          0.00066834,            0.004456,            0.004456,            0.004456
                 282,            0.020128,           0.0080233,            0.015677,             0.98559,                   1,               0.995,             0.70097,            0.015555,           0.0040827,          0.00086403,           0.0044362,           0.0044362,           0.0044362
                 283,            0.027873,           0.0074245,            0.011651,             0.98489,                   1,               0.995,             0.75842,            0.013782,           0.0039053,           0.0010188,           0.0044164,           0.0044164,           0.0044164
                 284,             0.02823,           0.0078632,           0.0079174,             0.98552,                   1,               0.995,              0.6883,            0.015963,            0.004035,          0.00097475,           0.0043966,           0.0043966,           0.0043966
                 285,            0.026145,           0.0081658,            0.010387,             0.98797,                   1,               0.995,             0.73579,            0.014852,             0.00387,          0.00093613,           0.0043768,           0.0043768,           0.0043768
                 286,            0.024535,           0.0077349,            0.014608,             0.98971,                   1,               0.995,             0.68827,            0.016462,           0.0039625,           0.0008955,            0.004357,            0.004357,            0.004357
                 287,            0.023288,           0.0089087,           0.0062404,             0.98986,                   1,               0.995,              0.6819,            0.016603,           0.0039892,          0.00081739,           0.0043372,           0.0043372,           0.0043372
                 288,            0.028898,           0.0089603,            0.020614,             0.98821,                   1,               0.995,             0.68346,            0.017445,           0.0040293,          0.00073471,           0.0043174,           0.0043174,           0.0043174
                 289,            0.016237,           0.0075891,            0.010078,              0.9904,                   1,               0.995,             0.70168,            0.016072,           0.0039501,          0.00077019,           0.0042976,           0.0042976,           0.0042976
                 290,            0.023402,           0.0080626,           0.0082438,             0.99126,                   1,               0.995,             0.66357,            0.019394,           0.0041208,          0.00071068,           0.0042778,           0.0042778,           0.0042778
                 291,            0.026062,           0.0075209,           0.0090291,             0.99074,                   1,               0.995,             0.75001,            0.014309,           0.0039501,          0.00066633,            0.004258,            0.004258,            0.004258
                 292,            0.018133,           0.0090019,           0.0077041,             0.99095,                   1,               0.995,             0.70323,            0.016548,           0.0041561,          0.00060153,           0.0042382,           0.0042382,           0.0042382
                 293,            0.021868,           0.0078742,           0.0073122,             0.99027,                   1,               0.995,             0.73193,            0.014966,           0.0042248,          0.00061169,           0.0042184,           0.0042184,           0.0042184
                 294,            0.019378,           0.0066854,           0.0078724,             0.98959,                   1,               0.995,             0.68834,            0.017233,           0.0044231,          0.00063701,           0.0041986,           0.0041986,           0.0041986
                 295,            0.025433,            0.008591,            0.010368,             0.99052,                   1,               0.995,             0.72981,             0.01512,            0.004282,          0.00063715,           0.0041788,           0.0041788,           0.0041788
                 296,              0.0226,           0.0070574,            0.012487,             0.98713,                   1,               0.995,             0.72814,            0.015154,           0.0040464,          0.00080366,            0.004159,            0.004159,            0.004159
                 297,             0.02088,           0.0078795,            0.011322,             0.97603,             0.99577,               0.995,             0.72995,            0.014369,           0.0039167,            0.001286,           0.0041392,           0.0041392,           0.0041392
                 298,            0.020553,            0.008326,            0.010772,              0.9633,             0.98104,               0.995,             0.71281,            0.014795,           0.0039024,           0.0031219,           0.0041194,           0.0041194,           0.0041194
                 299,            0.016233,           0.0076795,           0.0061277,             0.88841,             0.97505,               0.995,             0.74566,            0.013806,           0.0039215,            0.006118,           0.0040996,           0.0040996,           0.0040996
                 300,            0.023583,           0.0084225,           0.0088748,             0.87447,              0.9848,               0.995,             0.65472,            0.016866,             0.00418,           0.0098671,           0.0040798,           0.0040798,           0.0040798
                 301,            0.020329,           0.0089476,           0.0059855,             0.92139,             0.99707,               0.995,             0.73991,            0.014041,           0.0039968,           0.0036541,             0.00406,             0.00406,             0.00406
                 302,            0.024657,           0.0094354,            0.011802,             0.88006,                   1,               0.995,             0.71953,            0.014423,           0.0041189,           0.0047836,           0.0040402,           0.0040402,           0.0040402
                 303,            0.020404,           0.0091302,           0.0072748,             0.92622,             0.99323,               0.995,             0.67703,            0.018177,           0.0042658,            0.003162,           0.0040204,           0.0040204,           0.0040204
                 304,            0.021616,            0.007221,           0.0047236,             0.97028,                   1,               0.995,             0.69731,            0.016104,            0.004077,           0.0020142,           0.0040006,           0.0040006,           0.0040006
                 305,            0.016215,           0.0083472,           0.0039288,             0.97605,             0.99556,               0.995,             0.66341,            0.018031,           0.0041676,           0.0016411,           0.0039808,           0.0039808,           0.0039808
                 306,            0.026048,           0.0090542,            0.012747,             0.98659,                   1,               0.995,             0.69684,            0.014314,           0.0040064,          0.00089836,            0.003961,            0.003961,            0.003961
                 307,            0.018639,           0.0083224,           0.0081558,             0.98398,                   1,               0.995,             0.67248,            0.018267,           0.0042171,          0.00079393,           0.0039412,           0.0039412,           0.0039412
                 308,            0.018576,           0.0074045,            0.011822,             0.98021,                   1,               0.995,             0.74785,            0.014021,            0.003933,          0.00080867,           0.0039214,           0.0039214,           0.0039214
                 309,            0.018472,           0.0080437,           0.0042699,             0.98038,                   1,               0.995,             0.65871,            0.018232,           0.0041504,          0.00077763,           0.0039016,           0.0039016,           0.0039016
                 310,            0.022207,           0.0084357,           0.0056673,             0.98437,                   1,               0.995,              0.7341,            0.014247,           0.0039692,          0.00064917,           0.0038818,           0.0038818,           0.0038818
                 311,            0.024649,           0.0095124,            0.012272,             0.98815,                   1,               0.995,             0.67819,            0.016876,           0.0040712,          0.00049274,            0.003862,            0.003862,            0.003862
                 312,            0.024417,           0.0081118,            0.015623,             0.98912,                   1,               0.995,             0.66454,            0.017628,           0.0041924,          0.00045447,           0.0038422,           0.0038422,           0.0038422
                 313,            0.026184,           0.0076691,            0.012973,             0.98804,                   1,               0.995,             0.65404,              0.0171,           0.0041704,          0.00044067,           0.0038224,           0.0038224,           0.0038224
                 314,             0.02022,           0.0079439,           0.0065876,             0.98916,                   1,               0.995,             0.63412,            0.018122,           0.0042171,          0.00042779,           0.0038026,           0.0038026,           0.0038026
                 315,            0.021394,           0.0090103,            0.009832,             0.98862,                   1,               0.995,             0.65307,            0.017862,            0.004221,          0.00042357,           0.0037828,           0.0037828,           0.0037828
                 316,            0.025781,           0.0090626,            0.016657,             0.98854,                   1,               0.995,             0.66989,             0.01671,           0.0042009,            0.000418,            0.003763,            0.003763,            0.003763
                 317,            0.021285,           0.0093132,           0.0084641,             0.98763,                   1,               0.995,             0.66607,            0.016826,           0.0041819,          0.00041664,           0.0037432,           0.0037432,           0.0037432
                 318,            0.024983,           0.0072929,           0.0092515,             0.98957,                   1,               0.995,             0.68244,             0.01534,           0.0040722,          0.00039189,           0.0037234,           0.0037234,           0.0037234
                 319,            0.024798,           0.0075793,           0.0079835,             0.99053,                   1,               0.995,               0.725,            0.013929,            0.003974,          0.00038188,           0.0037036,           0.0037036,           0.0037036
                 320,            0.020593,           0.0085858,           0.0063404,             0.99188,                   1,               0.995,             0.69537,            0.015238,           0.0041094,          0.00037344,           0.0036838,           0.0036838,           0.0036838
                 321,            0.019821,           0.0076298,           0.0065441,             0.99179,                   1,               0.995,             0.72399,            0.014839,           0.0039768,          0.00036728,            0.003664,            0.003664,            0.003664
                 322,            0.021503,           0.0068357,            0.008408,             0.99136,                   1,               0.995,             0.69564,            0.015218,           0.0040598,          0.00035799,           0.0036442,           0.0036442,           0.0036442
                 323,            0.022396,           0.0091603,           0.0065192,             0.99158,                   1,               0.995,             0.67587,            0.017962,           0.0040274,          0.00036099,           0.0036244,           0.0036244,           0.0036244
                 324,            0.017679,           0.0080641,           0.0071246,             0.99178,                   1,               0.995,             0.69283,            0.016277,           0.0040016,          0.00037107,           0.0036046,           0.0036046,           0.0036046
                 325,            0.020378,           0.0066684,           0.0085535,             0.99216,                   1,               0.995,             0.66952,             0.01918,            0.003973,          0.00038509,           0.0035848,           0.0035848,           0.0035848
                 326,            0.029097,           0.0095694,           0.0075208,             0.99229,                   1,               0.995,             0.71748,             0.01547,           0.0038986,          0.00040233,            0.003565,            0.003565,            0.003565
                 327,            0.018564,           0.0083667,           0.0063496,             0.99184,                   1,               0.995,             0.70816,            0.016366,           0.0038872,          0.00042386,           0.0035452,           0.0035452,           0.0035452
                 328,            0.023286,            0.009365,           0.0067446,             0.99043,                   1,               0.995,             0.71399,            0.015557,           0.0038404,          0.00047078,           0.0035254,           0.0035254,           0.0035254
                 329,            0.026732,           0.0079958,            0.010757,              0.9906,                   1,               0.995,             0.72888,            0.015212,           0.0037985,          0.00048451,           0.0035056,           0.0035056,           0.0035056
                 330,            0.019867,           0.0073344,           0.0066915,             0.99119,                   1,               0.995,             0.70606,            0.015458,            0.003891,           0.0004662,           0.0034858,           0.0034858,           0.0034858
                 331,            0.021374,           0.0088461,           0.0067138,              0.9903,                   1,               0.995,              0.7453,            0.014636,           0.0038738,          0.00050969,            0.003466,            0.003466,            0.003466
                 332,             0.02126,           0.0075122,           0.0076386,             0.99005,                   1,               0.995,             0.71823,            0.016004,           0.0039482,           0.0004848,           0.0034462,           0.0034462,           0.0034462
                 333,            0.022516,            0.009682,           0.0075879,             0.99015,                   1,               0.995,             0.70526,            0.017403,           0.0039711,           0.0004725,           0.0034264,           0.0034264,           0.0034264
